,Lemma_1,Lemma_2,Type,isCognate
0,вода_NOUN,сыр_NOUN,Неоднокоренные (разные корни),0
1,коса_NOUN,зябь_NOUN,Неоднокоренные (разные корни),0
2,любой_ADJ,водитель_NOUN,Неоднокоренные (разные корни),0
3,нож_NOUN,красить_VERB,Неоднокоренные (разные корни),0
4,красивый_ADJ,переносица_NOUN,Неоднокоренные (разные корни),0
5,буря_NOUN,любовник_NOUN,Неоднокоренные (разные корни),0
6,лжец_NOUN,сырок_NOUN,Неоднокоренные (разные корни),0
7,красить_VERB,макать_VERB,Неоднокоренные (разные корни),0
8,краска_NOUN,макнуть_VERB,Неоднокоренные (разные корни),0
9,выкрасить_VERB,макнуть_VERB,Неоднокоренные (разные корни),0
10,покрасить_VERB,промакивать_VERB,Неоднокоренные (разные корни),0
11,красивый_ADJ,медовый_ADJ,Неоднокоренные (разные корни),0
12,красавец_NOUN,мед_NOUN,Неоднокоренные (разные корни),0
13,полнота_NOUN,касаться_VERB,Неоднокоренные (разные корни),0
14,вытирать_VERB,прикосновение_NOUN,Неоднокоренные (разные корни),0
15,любовь_NOUN,соприкосновение_NOUN,Неоднокоренные (разные корни),0
16,любить_VERB,касаться_VERB,Неоднокоренные (разные корни),0
17,любовник_NOUN,речка_NOUN,Неоднокоренные (разные корни),0
18,полюбовно_ADV,речь_NOUN,Неоднокоренные (разные корни),0
19,разлюблять_VERB,изречение_NOUN,Неоднокоренные (разные корни),0
20,бур_NOUN,изрекать_VERB,Неоднокоренные (разные корни),0
21,бурить_VERB,лето_NOUN,Неоднокоренные (разные корни),0
22,терять_VERB,летчик_NOUN,Неоднокоренные (разные корни),0
23,буря_NOUN,летовать_VERB,Неоднокоренные (разные корни),0
24,нос_NOUN,морской_ADJ,Неоднокоренные (разные корни),0
25,носик_NOUN,моряк_NOUN,Неоднокоренные (разные корни),0
26,любовь_NOUN,море_NOUN,Неоднокоренные (разные корни),0
27,носатый_ADJ,морской_ADJ,Неоднокоренные (разные корни),0
28,носить_VERB,приморье_NOUN,Неоднокоренные (разные корни),0
29,отсыревать_VERB,пар_NOUN,Неоднокоренные (разные корни),0
30,выносить_VERB,парилка_NOUN,Неоднокоренные (разные корни),0
31,относить_VERB,попарно_ADV,Неоднокоренные (разные корни),0
32,носильщик_NOUN,парочка_NOUN,Неоднокоренные (разные корни),0
33,гореть_VERB,спаривать_VERB,Неоднокоренные (разные корни),0
34,сгорать_VERB,непарный_ADJ,Неоднокоренные (разные корни),0
35,горевать_VERB,спаривание_NOUN,Неоднокоренные (разные корни),0
36,горевать_VERB,запах_NOUN,Неоднокоренные (разные корни),0
37,горе_NOUN,впахивать_VERB,Неоднокоренные (разные корни),0
38,гореть_VERB,запашок_NOUN,Неоднокоренные (разные корни),0
39,плавание_NOUN,вспахнуть_VERB,Неоднокоренные (разные корни),0
40,мир_NOUN,пахучесть_NOUN,Неоднокоренные (разные корни),0
41,нагар_NOUN,полный_ADJ,Неоднокоренные (разные корни),0
42,примирение_NOUN,заполнять_VERB,Неоднокоренные (разные корни),0
43,горный_ADJ,полнота_NOUN,Неоднокоренные (разные корни),0
44,умирать_VERB,перевыполнять_VERB,Неоднокоренные (разные корни),0
45,дорожный_ADJ,исполнять_VERB,Неоднокоренные (разные корни),0
46,придорожный_ADJ,переполненный_ADJ,Неоднокоренные (разные корни),0
47,дорогой_ADJ,красный_ADJ,Неоднокоренные (разные корни),0
48,вымирать_VERB,покрасить_VERB,Неоднокоренные (разные корни),0
49,ножны_NOUN,покраснение_NOUN,Неоднокоренные (разные корни),0
50,ножка_NOUN,краснеть_VERB,Неоднокоренные (разные корни),0
51,полагать_VERB,краска_NOUN,Неоднокоренные (разные корни),0
52,выкладывать_VERB,краснуха_NOUN,Неоднокоренные (разные корни),0
53,ложь_NOUN,покраснение_NOUN,Неоднокоренные (разные корни),0
54,лгать_VERB,пах_NOUN,Неоднокоренные (разные корни),0
55,тереть_VERB,пахучесть_NOUN,Неоднокоренные (разные корни),0
56,истертый_ADJ,пахота_NOUN,Неоднокоренные (разные корни),0
57,умирать_VERB,плавать_VERB,Неоднокоренные (разные корни),0
58,дорогой_ADJ,плавание_NOUN,Неоднокоренные (разные корни),0
59,умирающий_NOUN,пловец_NOUN,Неоднокоренные (разные корни),0
60,помирать_VERB,переплавлять_VERB,Неоднокоренные (разные корни),0
61,вымирать_VERB,плавление_NOUN,Неоднокоренные (разные корни),0
62,дорогой_ADJ,выплавка_NOUN,Неоднокоренные (разные корни),0
63,дорога_NOUN,бурить_VERB,Неоднокоренные (разные корни),0
64,подорожать_VERB,бурный_ADJ,Неоднокоренные (разные корни),0
65,потеря_NOUN,переносица_NOUN,Неоднокоренные (разные корни),0
66,терять_VERB,носатый_ADJ,Неоднокоренные (разные корни),0
67,нога_NOUN,носик_NOUN,Неоднокоренные (разные корни),0
68,безногий_ADJ,переносица_NOUN,Неоднокоренные (разные корни),0
69,ложь_NOUN,носильщик_NOUN,Неоднокоренные (разные корни),0
70,ложь_NOUN,переносок_NOUN,Неоднокоренные (разные корни),0
71,лжец_NOUN,носильщик_NOUN,Неоднокоренные (разные корни),0
72,вскакивать_VERB,переносной_ADJ,Неоднокоренные (разные корни),0
73,выскакать_VERB,переносной_ADJ,Неоднокоренные (разные корни),0
74,перескакивать_VERB,гореть_VERB,Неоднокоренные (разные корни),0
75,подскакивать_VERB,гореть_VERB,Неоднокоренные (разные корни),0
76,отскакивать_VERB,горе_NOUN,Неоднокоренные (разные корни),0
77,ускакивать_VERB,горевать_VERB,Неоднокоренные (разные корни),0
78,проскакивать_VERB,горевать_VERB,Неоднокоренные (разные корни),0
79,прискакивать_VERB,горный_ADJ,Неоднокоренные (разные корни),0
80,обскакивать_VERB,пригорок_NOUN,Неоднокоренные (разные корни),0
81,приклонять_VERB,мирный_ADJ,Неоднокоренные (разные корни),0
82,склонение_NOUN,мировой_ADJ,Неоднокоренные (разные корни),0
83,поклон_NOUN,мир_NOUN,Неоднокоренные (разные корни),0
84,клонить_VERB,умирающий_NOUN,Неоднокоренные (разные корни),0
85,распахиваться_VERB,умерший_NOUN,Неоднокоренные (разные корни),0
86,распахивать_VERB,подорожник_NOUN,Неоднокоренные (разные корни),0
87,бегать_VERB,подорожник_NOUN,Неоднокоренные (разные корни),0
88,разбегаться_VERB,дорого_ADV,Неоднокоренные (разные корни),0
89,бежать_VERB,ножевой_ADJ,Неоднокоренные (разные корни),0
90,перебегать_VERB,ножны_NOUN,Неоднокоренные (разные корни),0
91,разбегаться_VERB,ножевой_ADJ,Неоднокоренные (разные корни),0
92,перебегать_VERB,ножной_ADJ,Неоднокоренные (разные корни),0
93,бежать_VERB,откладывать_VERB,Неоднокоренные (разные корни),0
94,гореть_VERB,откладывать_VERB,Неоднокоренные (разные корни),0
95,горелый_ADJ,ложный_ADJ,Неоднокоренные (разные корни),0
96,загорать_VERB,лгун_NOUN,Неоднокоренные (разные корни),0
97,огарок_NOUN,потертый_ADJ,Неоднокоренные (разные корни),0
98,разгар_NOUN,вытирать_VERB,Неоднокоренные (разные корни),0
99,угар_NOUN,дорогой_ADJ,Неоднокоренные (разные корни),0
100,выгорание_NOUN,ножка_NOUN,Неоднокоренные (разные корни),0
101,выгорание_NOUN,нога_NOUN,Неоднокоренные (разные корни),0
102,горелый_ADJ,ножной_ADJ,Неоднокоренные (разные корни),0
103,разгар_NOUN,нога_NOUN,Неоднокоренные (разные корни),0
104,гореть_VERB,ножной_ADJ,Неоднокоренные (разные корни),0
105,полагать_VERB,ножка_NOUN,Неоднокоренные (разные корни),0
106,предлагать_VERB,зорька_NOUN,Неоднокоренные (разные корни),0
107,предположение_NOUN,зоревый_ADJ,Неоднокоренные (разные корни),0
108,излагать_VERB,зорька_NOUN,Неоднокоренные (разные корни),0
109,возлагать_VERB,зачет_NOUN,Неоднокоренные (разные корни),0
110,располагаться_VERB,вычет_NOUN,Неоднокоренные (разные корни),0
111,прилагать_VERB,зачитывать_VERB,Неоднокоренные (разные корни),0
112,выкрасить_VERB,вычитать_VERB,Неоднокоренные (разные корни),0
113,краска_NOUN,подсчет_NOUN,Неоднокоренные (разные корни),0
114,красить_VERB,вычет_NOUN,Неоднокоренные (разные корни),0
115,вытирать_VERB,зачет_NOUN,Неоднокоренные (разные корни),0
116,растирать_VERB,зачитывать_VERB,Неоднокоренные (разные корни),0
117,стереть_VERB,вычитать_VERB,Неоднокоренные (разные корни),0
118,отлет_NOUN,подсчет_NOUN,Неоднокоренные (разные корни),0
119,лето_NOUN,пир_NOUN,Неоднокоренные (разные корни),0
120,сдирать_VERB,розжиг_NOUN,Неоднокоренные (разные корни),0
121,раздирать_VERB,сжигать_VERB,Неоднокоренные (разные корни),0
122,выдирать_VERB,зажигалка_NOUN,Неоднокоренные (разные корни),0
123,вздирать_VERB,сжигать_VERB,Неоднокоренные (разные корни),0
124,блистать_VERB,заря_NOUN,Неоднокоренные (разные корни),0
125,блестка_NOUN,зоревать_VERB,Неоднокоренные (разные корни),0
126,подрастать_VERB,зоревый_ADJ,Неоднокоренные (разные корни),0
127,собирать_VERB,зоренька_NOUN,Неоднокоренные (разные корни),0
128,выбирать_VERB,зорька_NOUN,Неоднокоренные (разные корни),0
129,убирать_VERB,коса_NOUN,Неоднокоренные (разные корни),0
130,макнуть_VERB,касание_NOUN,Неоднокоренные (разные корни),0
131,макнуть_VERB,прикосновение_NOUN,Неоднокоренные (разные корни),0
132,маковый_ADJ,касаться_VERB,Неоднокоренные (разные корни),0
133,медный_ADJ,касаться_VERB,Неоднокоренные (разные корни),0
134,медовый_ADJ,соприкосновение_NOUN,Неоднокоренные (разные корни),0
135,косить_VERB,растение_NOUN,Неоднокоренные (разные корни),0
136,прикосновение_NOUN,расти_VERB,Неоднокоренные (разные корни),0
137,краснеть_VERB,заросль_NOUN,Неоднокоренные (разные корни),0
138,покраснение_NOUN,вырастать_VERB,Неоднокоренные (разные корни),0
139,красненький_ADJ,сплав_NOUN,Неоднокоренные (разные корни),0
140,вода_NOUN,водить_VERB,Неоднокоренные (омонимы),0
141,водный_ADJ,водитель_NOUN,Неоднокоренные (омонимы),0
142,приводняться_VERB,водительский_ADJ,Неоднокоренные (омонимы),0
143,подводный_ADJ,водить_VERB,Неоднокоренные (омонимы),0
144,водяной_ADJ,водительский_ADJ,Неоднокоренные (омонимы),0
145,вода_NOUN,водитель_NOUN,Неоднокоренные (омонимы),0
146,сыр_NOUN,сырость_NOUN,Неоднокоренные (омонимы),0
147,сырный_ADJ,сырой_ADJ,Неоднокоренные (омонимы),0
148,сырок_NOUN,отсыревать_VERB,Неоднокоренные (омонимы),0
149,сыр_NOUN,сырой_ADJ,Неоднокоренные (омонимы),0
150,сырный_ADJ,отсыревать_VERB,Неоднокоренные (омонимы),0
151,сырок_NOUN,сырость_NOUN,Неоднокоренные (омонимы),0
152,зябь_NOUN,озябнуть_VERB,Неоднокоренные (омонимы),0
153,зябь_NOUN,зябко_ADV,Неоднокоренные (омонимы),0
154,зябь_NOUN,озябнуть_VERB,Неоднокоренные (омонимы),0
155,красить_VERB,красивый_ADJ,Неоднокоренные (омонимы),0
156,краска_NOUN,красота_NOUN,Неоднокоренные (омонимы),0
157,окрашивать_VERB,красавица_NOUN,Неоднокоренные (омонимы),0
158,покрасить_VERB,красавец_NOUN,Неоднокоренные (омонимы),0
159,покрасить_VERB,красивый_ADJ,Неоднокоренные (омонимы),0
160,закрашивать_VERB,красота_NOUN,Неоднокоренные (омонимы),0
161,любой_ADJ,любовь_NOUN,Неоднокоренные (омонимы),0
162,сырный_ADJ,сырость_NOUN,Неоднокоренные (омонимы),0
163,любой_ADJ,любить_VERB,Неоднокоренные (омонимы),0
164,море_NOUN,мор_NOUN,Неоднокоренные (омонимы),0
165,любой_ADJ,полюбовно_ADV,Неоднокоренные (омонимы),0
166,морской_ADJ,измор_NOUN,Неоднокоренные (омонимы),0
167,бурить_VERB,буря_NOUN,Неоднокоренные (омонимы),0
168,буровой_ADJ,бурный_ADJ,Неоднокоренные (омонимы),0
169,бур_NOUN,бурый_ADJ,Неоднокоренные (омонимы),0
170,бурить_VERB,буря_NOUN,Неоднокоренные (омонимы),0
171,бурый_ADJ,бурить_VERB,Неоднокоренные (омонимы),0
172,бурый_ADJ,буровой_ADJ,Неоднокоренные (омонимы),0
173,нос_NOUN,носить_VERB,Неоднокоренные (омонимы),0
174,переносица_NOUN,выносить_VERB,Неоднокоренные (омонимы),0
175,носик_NOUN,занашивать_VERB,Неоднокоренные (омонимы),0
176,носатый_ADJ,носильщик_NOUN,Неоднокоренные (омонимы),0
177,нос_NOUN,носильщик_NOUN,Неоднокоренные (омонимы),0
178,носатый_ADJ,относить_VERB,Неоднокоренные (омонимы),0
179,гореть_VERB,горе_NOUN,Неоднокоренные (омонимы),0
180,гореть_VERB,гора_NOUN,Неоднокоренные (омонимы),0
181,гореть_VERB,горевать_VERB,Неоднокоренные (омонимы),0
182,сгорать_VERB,гора_NOUN,Неоднокоренные (омонимы),0
183,горе_NOUN,горный_ADJ,Неоднокоренные (омонимы),0
184,гористый_ADJ,сгорать_VERB,Неоднокоренные (омонимы),0
185,пригорок_NOUN,горе_NOUN,Неоднокоренные (омонимы),0
186,пригорок_NOUN,гореть_VERB,Неоднокоренные (омонимы),0
187,мир_NOUN,умирать_VERB,Неоднокоренные (омонимы),0
188,мирный_ADJ,умирающий_NOUN,Неоднокоренные (омонимы),0
189,мировой_ADJ,умирать_VERB,Неоднокоренные (омонимы),0
190,примирение_NOUN,умирающий_NOUN,Неоднокоренные (омонимы),0
191,мир_NOUN,умирающий_NOUN,Неоднокоренные (омонимы),0
192,мирный_ADJ,умирать_VERB,Неоднокоренные (омонимы),0
193,замирать_VERB,умерший_NOUN,Неоднокоренные (омонимы),0
194,замирать_VERB,мириться_VERB,Неоднокоренные (омонимы),0
195,дорога_NOUN,дорогой_ADJ,Неоднокоренные (омонимы),0
196,дорожный_ADJ,дорого_ADV,Неоднокоренные (омонимы),0
197,подорожник_NOUN,дорожать_VERB,Неоднокоренные (омонимы),0
198,придорожный_ADJ,дорогой_ADJ,Неоднокоренные (омонимы),0
199,нож_NOUN,ножка_NOUN,Неоднокоренные (омонимы),0
200,ножны_NOUN,нога_NOUN,Неоднокоренные (омонимы),0
201,ножевой_ADJ,ножной_ADJ,Неоднокоренные (омонимы),0
202,нож_NOUN,нога_NOUN,Неоднокоренные (омонимы),0
203,ножны_NOUN,ножной_ADJ,Неоднокоренные (омонимы),0
204,ножевой_ADJ,ножка_NOUN,Неоднокоренные (омонимы),0
205,полагать_VERB,ложный_ADJ,Неоднокоренные (омонимы),0
206,откладывать_VERB,ложь_NOUN,Неоднокоренные (омонимы),0
207,выкладывать_VERB,лжец_NOUN,Неоднокоренные (омонимы),0
208,полагать_VERB,лгать_VERB,Неоднокоренные (омонимы),0
209,откладывать_VERB,ложный_ADJ,Неоднокоренные (омонимы),0
210,положенный_ADJ,ложь_NOUN,Неоднокоренные (омонимы),0
211,тереть_VERB,терять_VERB,Неоднокоренные (омонимы),0
212,потертый_ADJ,потеря_NOUN,Неоднокоренные (омонимы),0
213,затирать_VERB,утерять_VERB,Неоднокоренные (омонимы),0
214,потирать_VERB,потерять_VERB,Неоднокоренные (омонимы),0
215,вытирать_VERB,затериваться_VERB,Неоднокоренные (омонимы),0
216,истертый_ADJ,потерять_VERB,Неоднокоренные (омонимы),0
217,запирать_VERB,пировать_VERB,Неоднокоренные (омонимы),0
218,отпирать_VERB,пир_NOUN,Неоднокоренные (омонимы),0
219,запирать_VERB,пиршество_NOUN,Неоднокоренные (омонимы),0
220,отпирать_VERB,пировать_VERB,Неоднокоренные (омонимы),0
221,застилать_VERB,стиль_NOUN,Неоднокоренные (омонимы),0
222,застилать_VERB,стильный_ADJ,Неоднокоренные (омонимы),0
223,стелить_VERB,стилизация_NOUN,Неоднокоренные (омонимы),0
224,макать_VERB,мак_NOUN,Неоднокоренные (омонимы),0
225,макнуть_VERB,маковый_ADJ,Неоднокоренные (омонимы),0
226,макнуть_VERB,мак_NOUN,Неоднокоренные (омонимы),0
227,промакивать_VERB,маковый_ADJ,Неоднокоренные (омонимы),0
228,медовый_ADJ,медный_ADJ,Неоднокоренные (омонимы),0
229,мед_NOUN,медь_NOUN,Неоднокоренные (омонимы),0
230,касаться_VERB,косить_VERB,Неоднокоренные (омонимы),0
231,прикосновение_NOUN,коса_NOUN,Неоднокоренные (омонимы),0
232,соприкосновение_NOUN,покос_NOUN,Неоднокоренные (омонимы),0
233,касаться_VERB,скашивать_VERB,Неоднокоренные (омонимы),0
234,речка_NOUN,речевой_ADJ,Неоднокоренные (омонимы),0
235,речь_NOUN,речной_ADJ,Неоднокоренные (омонимы),0
236,изречение_NOUN,речушка_NOUN,Неоднокоренные (омонимы),0
237,изрекать_VERB,речка_NOUN,Неоднокоренные (омонимы),0
238,лето_NOUN,лететь_VERB,Неоднокоренные (омонимы),0
239,летчик_NOUN,летний_ADJ,Неоднокоренные (омонимы),0
240,летовать_VERB,летать_VERB,Неоднокоренные (омонимы),0
241,морской_ADJ,мор_NOUN,Неоднокоренные (омонимы),0
242,моряк_NOUN,вымаривать_VERB,Неоднокоренные (омонимы),0
243,море_NOUN,измор_NOUN,Неоднокоренные (омонимы),0
244,морской_ADJ,вымаривать_VERB,Неоднокоренные (омонимы),0
245,приморье_NOUN,вымаривать_VERB,Неоднокоренные (омонимы),0
246,пар_NOUN,пара_NOUN,Неоднокоренные (омонимы),0
247,парилка_NOUN,парный_ADJ,Неоднокоренные (омонимы),0
248,попарно_ADV,выпаривать_VERB,Неоднокоренные (омонимы),0
249,парочка_NOUN,испарительный_ADJ,Неоднокоренные (омонимы),0
250,спаривать_VERB,парник_NOUN,Неоднокоренные (омонимы),0
251,непарный_ADJ,парить_VERB,Неоднокоренные (омонимы),0
252,спаривание_NOUN,отпаривать_VERB,Неоднокоренные (омонимы),0
253,запах_NOUN,пропахать_VERB,Неоднокоренные (омонимы),0
254,впахивать_VERB,пахнуть_VERB,Неоднокоренные (омонимы),0
255,запашок_NOUN,перепахивать_VERB,Неоднокоренные (омонимы),0
256,вспахнуть_VERB,распахнуть_VERB,Неоднокоренные (омонимы),0
257,пахучесть_NOUN,запахнуть_VERB,Неоднокоренные (омонимы),0
258,полный_ADJ,выполнять_VERB,Неоднокоренные (омонимы),0
259,заполнять_VERB,исполнять_VERB,Неоднокоренные (омонимы),0
260,полнота_NOUN,невыполнимый_ADJ,Неоднокоренные (омонимы),0
261,перевыполнять_VERB,переполненный_ADJ,Неоднокоренные (омонимы),0
262,исполнять_VERB,полный_ADJ,Неоднокоренные (омонимы),0
263,переполненный_ADJ,исполнять_VERB,Неоднокоренные (омонимы),0
264,красный_ADJ,красивый_ADJ,Неоднокоренные (омонимы),0
265,покрасить_VERB,краснота_NOUN,Неоднокоренные (омонимы),0
266,покраснение_NOUN,краска_NOUN,Неоднокоренные (омонимы),0
267,краснеть_VERB,красавец_NOUN,Неоднокоренные (омонимы),0
268,краска_NOUN,красный_ADJ,Неоднокоренные (омонимы),0
269,краснуха_NOUN,красавица_NOUN,Неоднокоренные (омонимы),0
270,покраснение_NOUN,краситель_NOUN,Неоднокоренные (омонимы),0
271,пах_NOUN,запах_NOUN,Неоднокоренные (омонимы),0
272,пахучесть_NOUN,паховой_ADJ,Неоднокоренные (омонимы),0
273,пахота_NOUN,паховой_ADJ,Неоднокоренные (омонимы),0
274,плавать_VERB,плавить_VERB,Неоднокоренные (омонимы),0
275,плавание_NOUN,сплав_NOUN,Неоднокоренные (омонимы),0
276,пловец_NOUN,плов_NOUN,Неоднокоренные (омонимы),0
277,переплавлять_VERB,плавать_VERB,Неоднокоренные (омонимы),0
278,плавление_NOUN,плавание_NOUN,Неоднокоренные (омонимы),0
279,выплавка_NOUN,плавать_VERB,Неоднокоренные (омонимы),0
280,вода_NOUN,водный_ADJ,Однокоренные (совпадение),1
281,вода_NOUN,водяной_ADJ,Однокоренные (совпадение),1
282,водный_ADJ,приводняться_VERB,Однокоренные (совпадение),1
283,водить_VERB,водитель_NOUN,Однокоренные (совпадение),1
284,водить_VERB,водительский_ADJ,Однокоренные (совпадение),1
285,водитель_NOUN,водить_VERB,Однокоренные (совпадение),1
286,сыр_NOUN,сырный_ADJ,Однокоренные (совпадение),1
287,сыр_NOUN,сырок_NOUN,Однокоренные (совпадение),1
288,сырок_NOUN,сырный_ADJ,Однокоренные (совпадение),1
289,сырой_ADJ,отсыревать_VERB,Однокоренные (совпадение),1
290,сырость_NOUN,сырой_ADJ,Однокоренные (совпадение),1
291,отсыревать_VERB,отсыревать_VERB,Однокоренные (совпадение),1
292,озябнуть_VERB,зябко_ADV,Однокоренные (совпадение),1
293,зябко_ADV,озябнуть_VERB,Однокоренные (совпадение),1
294,красить_VERB,краска_NOUN,Однокоренные (совпадение),1
295,краска_NOUN,покрасить_VERB,Однокоренные (совпадение),1
296,выкрасить_VERB,окрашивание_NOUN,Однокоренные (совпадение),1
297,покрасить_VERB,закрашивать_VERB,Однокоренные (совпадение),1
298,красивый_ADJ,красавица_NOUN,Однокоренные (совпадение),1
299,красавец_NOUN,красота_NOUN,Однокоренные (совпадение),1
300,красивый_ADJ,красотка_NOUN,Однокоренные (совпадение),1
301,любимый_ADJ,влюбляться_VERB,Однокоренные (совпадение),1
302,любовь_NOUN,любовник_NOUN,Однокоренные (совпадение),1
303,любить_VERB,любить_VERB,Однокоренные (совпадение),1
304,любовник_NOUN,любить_VERB,Однокоренные (совпадение),1
305,полюбовно_ADV,любовь_NOUN,Однокоренные (совпадение),1
306,разлюблять_VERB,любовник_NOUN,Однокоренные (совпадение),1
307,бур_NOUN,буровой_ADJ,Однокоренные (совпадение),1
308,бурить_VERB,буровой_ADJ,Однокоренные (совпадение),1
309,бур_NOUN,бурить_VERB,Однокоренные (совпадение),1
310,буря_NOUN,бурный_ADJ,Однокоренные (совпадение),1
311,нос_NOUN,переносица_NOUN,Однокоренные (совпадение),1
312,носик_NOUN,носатый_ADJ,Однокоренные (совпадение),1
313,нос_NOUN,носик_NOUN,Однокоренные (совпадение),1
314,носатый_ADJ,переносица_NOUN,Однокоренные (совпадение),1
315,носить_VERB,носильщик_NOUN,Однокоренные (совпадение),1
316,носить_VERB,переносок_NOUN,Однокоренные (совпадение),1
317,выносить_VERB,носильщик_NOUN,Однокоренные (совпадение),1
318,относить_VERB,переносной_ADJ,Однокоренные (совпадение),1
319,носильщик_NOUN,переносной_ADJ,Однокоренные (совпадение),1
320,гореть_VERB,гореть_VERB,Однокоренные (совпадение),1
321,сгорать_VERB,гореть_VERB,Однокоренные (совпадение),1
322,горевать_VERB,горе_NOUN,Однокоренные (совпадение),1
323,горевать_VERB,горевать_VERB,Однокоренные (совпадение),1
324,горе_NOUN,горевать_VERB,Однокоренные (совпадение),1
325,гора_NOUN,горный_ADJ,Однокоренные (совпадение),1
326,гора_NOUN,пригорок_NOUN,Однокоренные (совпадение),1
327,мир_NOUN,мирный_ADJ,Однокоренные (совпадение),1
328,мир_NOUN,мировой_ADJ,Однокоренные (совпадение),1
329,примирение_NOUN,мир_NOUN,Однокоренные (совпадение),1
330,умирать_VERB,умирающий_NOUN,Однокоренные (совпадение),1
331,умирать_VERB,умерший_NOUN,Однокоренные (совпадение),1
332,дорожный_ADJ,подорожник_NOUN,Однокоренные (совпадение),1
333,придорожный_ADJ,подорожник_NOUN,Однокоренные (совпадение),1
334,дорогой_ADJ,дорого_ADV,Однокоренные (совпадение),1
335,нож_NOUN,ножевой_ADJ,Однокоренные (совпадение),1
336,нож_NOUN,ножны_NOUN,Однокоренные (совпадение),1
337,ножны_NOUN,ножевой_ADJ,Однокоренные (совпадение),1
338,ножка_NOUN,ножной_ADJ,Однокоренные (совпадение),1
339,полагать_VERB,откладывать_VERB,Однокоренные (совпадение),1
340,выкладывать_VERB,откладывать_VERB,Однокоренные (совпадение),1
341,ложь_NOUN,ложный_ADJ,Однокоренные (совпадение),1
342,лгать_VERB,лгун_NOUN,Однокоренные (совпадение),1
343,тереть_VERB,потертый_ADJ,Однокоренные (совпадение),1
344,истертый_ADJ,вытирать_VERB,Однокоренные (совпадение),1
345,терять_VERB,потеря_NOUN,Однокоренные (совпадение),1
346,утерять_VERB,терять_VERB,Однокоренные (совпадение),1
347,потерять_VERB,затериваться_VERB,Однокоренные (совпадение),1
348,вытирать_VERB,истертый_ADJ,Однокоренные (совпадение),1
349,тереть_VERB,вытирать_VERB,Однокоренные (совпадение),1
350,пир_NOUN,пировать_VERB,Однокоренные (совпадение),1
351,пир_NOUN,пиршество_NOUN,Однокоренные (совпадение),1
352,пир_NOUN,пировать_VERB,Однокоренные (совпадение),1
353,пиршество_NOUN,пировать_VERB,Однокоренные (совпадение),1
354,стильный_ADJ,стилизация_NOUN,Однокоренные (совпадение),1
355,стиль_NOUN,стильный_ADJ,Однокоренные (совпадение),1
356,стиль_NOUN,стилизация_NOUN,Однокоренные (совпадение),1
357,макать_VERB,макнуть_VERB,Однокоренные (совпадение),1
358,макать_VERB,макнуть_VERB,Однокоренные (совпадение),1
359,мак_NOUN,маковый_ADJ,Однокоренные (совпадение),1
360,медь_NOUN,медный_ADJ,Однокоренные (совпадение),1
361,мед_NOUN,медовый_ADJ,Однокоренные (совпадение),1
362,коса_NOUN,косить_VERB,Однокоренные (совпадение),1
363,касаться_VERB,прикосновение_NOUN,Однокоренные (совпадение),1
364,красный_ADJ,краснеть_VERB,Однокоренные (совпадение),1
365,краснота_NOUN,покраснение_NOUN,Однокоренные (совпадение),1
366,красноватый_ADJ,красненький_ADJ,Однокоренные (совпадение),1
367,речь_NOUN,речевой_ADJ,Однокоренные (совпадение),1
368,реченька_NOUN,речка_NOUN,Однокоренные (совпадение),1
369,речной_ADJ,речушка_NOUN,Однокоренные (совпадение),1
370,летчик_NOUN,летать_VERB,Однокоренные (совпадение),1
371,взлет_NOUN,летучий_ADJ,Однокоренные (совпадение),1
372,вылетание_NOUN,прилетать_VERB,Однокоренные (совпадение),1
373,перелет_NOUN,залетать_VERB,Однокоренные (совпадение),1
374,нелетный_ADJ,отлет_NOUN,Однокоренные (совпадение),1
375,летний_ADJ,лето_NOUN,Однокоренные (совпадение),1
376,летовать_VERB,лето_NOUN,Однокоренные (совпадение),1
377,море_NOUN,морской_ADJ,Однокоренные (совпадение),1
378,моряк_NOUN,приморье_NOUN,Однокоренные (совпадение),1
379,морячка_NOUN,приморский_ADJ,Однокоренные (совпадение),1
380,приморье_NOUN,моряцкий_ADJ,Однокоренные (совпадение),1
381,морюшко_NOUN,заморский_ADJ,Однокоренные (совпадение),1
382,мор_NOUN,морильня_NOUN,Однокоренные (совпадение),1
383,поморить_VERB,смаривать_VERB,Однокоренные (совпадение),1
384,вымаривать_VERB,вымаривать_VERB,Однокоренные (совпадение),1
385,измориться_VERB,заморенный_ADJ,Однокоренные (совпадение),1
386,распариваться_VERB,выпарываться_VERB,Однокоренные (совпадение),1
387,пропаривать_VERB,припариваться_VERB,Однокоренные (совпадение),1
388,выпаривать_VERB,парник_NOUN,Однокоренные (совпадение),1
389,запаривать_VERB,испаряться_VERB,Однокоренные (совпадение),1
390,парниковый_ADJ,испарительный_ADJ,Однокоренные (совпадение),1
391,выпариваться_VERB,пар_NOUN,Однокоренные (совпадение),1
392,распариваться_VERB,парилка_NOUN,Однокоренные (совпадение),1
393,отпаривать_VERB,парить_VERB,Однокоренные (совпадение),1
394,выпаривание_NOUN,испаряться_VERB,Однокоренные (совпадение),1
395,попарно_ADV,пара_NOUN,Однокоренные (совпадение),1
396,непарный_ADJ,парочка_NOUN,Однокоренные (совпадение),1
397,попарно_ADV,спаривать_VERB,Однокоренные (совпадение),1
398,парный_ADJ,спаривание_NOUN,Однокоренные (совпадение),1
399,запах_NOUN,пахнуть_VERB,Однокоренные (совпадение),1
400,пахучесть_NOUN,пропахнуть_VERB,Однокоренные (совпадение),1
401,запашок_NOUN,попахивать_VERB,Однокоренные (совпадение),1
402,пахучий_ADJ,пахнуть_VERB,Однокоренные (совпадение),1
403,пахнуть_VERB,запахнуть_VERB,Однокоренные (совпадение),1
404,пахнуть_VERB,пропахнуть_VERB,Однокоренные (совпадение),1
405,пахнуть_VERB,запахнуть_VERB,Однокоренные (совпадение),1
406,вспашка_NOUN,вспахивать_VERB,Однокоренные (совпадение),1
407,пахать_VERB,пропахать_VERB,Однокоренные (совпадение),1
408,вспахивание_NOUN,пропахать_VERB,Однокоренные (совпадение),1
409,перепахивать_VERB,перепахивать_VERB,Однокоренные (совпадение),1
410,напахивать_VERB,спахивать_VERB,Однокоренные (совпадение),1
411,паханый_ADJ,пропахивать_VERB,Однокоренные (совпадение),1
412,паховой_ADJ,пах_NOUN,Однокоренные (совпадение),1
413,распахнуть_VERB,запахнуть_VERB,Однокоренные (совпадение),1
414,заполняться_VERB,полниться_VERB,Однокоренные (совпадение),1
415,заполнять_VERB,наполняться_VERB,Однокоренные (совпадение),1
416,дополняться_VERB,заполнять_VERB,Однокоренные (совпадение),1
417,незаполненный_ADJ,наполняемость_NOUN,Однокоренные (совпадение),1
418,выполнять_VERB,перевыполнять_VERB,Однокоренные (совпадение),1
419,невыполнимый_ADJ,исполнять_VERB,Однокоренные (совпадение),1
420,загар_NOUN,гореть_VERB,Однокоренные (чередование),1
421,гарь_NOUN,горелый_ADJ,Однокоренные (чередование),1
422,нагар_NOUN,загорать_VERB,Однокоренные (чередование),1
423,подгорать_VERB,огарок_NOUN,Однокоренные (чередование),1
424,обгорать_VERB,разгар_NOUN,Однокоренные (чередование),1
425,горелый_ADJ,угар_NOUN,Однокоренные (чередование),1
426,перегар_NOUN,выгорание_NOUN,Однокоренные (чередование),1
427,гарь_NOUN,выгорание_NOUN,Однокоренные (чередование),1
428,нагар_NOUN,горелый_ADJ,Однокоренные (чередование),1
429,горелый_ADJ,разгар_NOUN,Однокоренные (чередование),1
430,перегар_NOUN,гореть_VERB,Однокоренные (чередование),1
431,полагать_VERB,полагать_VERB,Однокоренные (чередование),1
432,предлагать_VERB,предлагать_VERB,Однокоренные (чередование),1
433,предполагать_VERB,предположение_NOUN,Однокоренные (чередование),1
434,излагать_VERB,излагать_VERB,Однокоренные (чередование),1
435,возлагать_VERB,возлагать_VERB,Однокоренные (чередование),1
436,распологаться_VERB,располагаться_VERB,Однокоренные (чередование),1
437,изложение_NOUN,прилагать_VERB,Однокоренные (чередование),1
438,закрашивать_VERB,выкрасить_VERB,Однокоренные (чередование),1
439,окрашивание_NOUN,краска_NOUN,Однокоренные (чередование),1
440,покрасить_VERB,красить_VERB,Однокоренные (чередование),1
441,вытирать_VERB,вытирать_VERB,Однокоренные (чередование),1
442,растирать_VERB,растирать_VERB,Однокоренные (чередование),1
443,стирать_VERB,стереть_VERB,Однокоренные (чередование),1
444,обтирать_VERB,обтирать_VERB,Однокоренные (чередование),1
445,запирать_VERB,запирать_VERB,Однокоренные (чередование),1
446,отпирать_VERB,отпирать_VERB,Однокоренные (чередование),1
447,застилать_VERB,застилать_VERB,Однокоренные (чередование),1
448,расстилать_VERB,расстелить_VERB,Однокоренные (чередование),1
449,настилать_VERB,настилать_VERB,Однокоренные (чередование),1
450,подстилать_VERB,подстилать_VERB,Однокоренные (чередование),1
451,подстилать_VERB,застилать_VERB,Однокоренные (чередование),1
452,настилать_VERB,расстелить_VERB,Однокоренные (чередование),1
453,расстилать_VERB,подстилать_VERB,Однокоренные (чередование),1
454,приносить_VERB,приносить_VERB,Однокоренные (чередование),1
455,носить_VERB,перенести_VERB,Однокоренные (чередование),1
456,приносить_VERB,приносить_VERB,Однокоренные (чередование),1
457,уносить_VERB,уносить_VERB,Однокоренные (чередование),1
458,приносить_VERB,проносить_VERB,Однокоренные (чередование),1
459,умирать_VERB,умерший_NOUN,Однокоренные (чередование),1
460,замирать_VERB,замирать_VERB,Однокоренные (чередование),1
461,обмирать_VERB,обмирать_VERB,Однокоренные (чередование),1
462,умирать_VERB,умирать_VERB,Однокоренные (чередование),1
463,умирать_VERB,умерший_NOUN,Однокоренные (чередование),1
464,умирающий_NOUN,умирать_VERB,Однокоренные (чередование),1
465,помирать_VERB,умирать_VERB,Однокоренные (чередование),1
466,вымирать_VERB,вымирать_VERB,Однокоренные (чередование),1
467,дорогой_ADJ,дорожать_VERB,Однокоренные (чередование),1
468,дорога_NOUN,дорожный_ADJ,Однокоренные (чередование),1
469,подорожать_VERB,дороговизна_NOUN,Однокоренные (чередование),1
470,нога_NOUN,ножной_ADJ,Однокоренные (чередование),1
471,нога_NOUN,ножка_NOUN,Однокоренные (чередование),1
472,нога_NOUN,ножища_NOUN,Однокоренные (чередование),1
473,безногий_ADJ,ноженька_NOUN,Однокоренные (чередование),1
474,ложь_NOUN,лжец_NOUN,Однокоренные (чередование),1
475,ложь_NOUN,лгать_VERB,Однокоренные (чередование),1
476,лжец_NOUN,лгун_NOUN,Однокоренные (чередование),1
477,вскакивать_VERB,вприскочку_ADV,Однокоренные (чередование),1
478,выскакать_VERB,вскакивать_VERB,Однокоренные (чередование),1
479,перескакивать_VERB,выскочить_VERB,Однокоренные (чередование),1
480,подскакивать_VERB,выскочка_NOUN,Однокоренные (чередование),1
481,отскакивать_VERB,проскочить_VERB,Однокоренные (чередование),1
482,ускакивать_VERB,проскочить_VERB,Однокоренные (чередование),1
483,проскакивать_VERB,заскакивать_VERB,Однокоренные (чередование),1
484,прискакивать_VERB,подскакивать_VERB,Однокоренные (чередование),1
485,обскакивать_VERB,соскакивать_VERB,Однокоренные (чередование),1
486,приклонять_VERB,прикланяться_VERB,Однокоренные (чередование),1
487,склонение_NOUN,кланяться_VERB,Однокоренные (чередование),1
488,поклон_NOUN,покланяться_VERB,Однокоренные (чередование),1
489,клонить_VERB,раскланиваться_VERB,Однокоренные (чередование),1
490,поклонение_NOUN,кланяться_VERB,Однокоренные (чередование),1
491,уклончивость_NOUN,откланиваться_VERB,Однокоренные (чередование),1
492,преклоняться_VERB,кланяться_VERB,Однокоренные (чередование),1
493,стелить_VERB,застилать_VERB,Однокоренные (чередование),1
494,пловец_NOUN,плавать_VERB,Однокоренные (чередование),1
495,пловец_NOUN,поплавок_NOUN,Однокоренные (чередование),1
496,плавание_NOUN,заплывать_VERB,Однокоренные (чередование),1
497,проплывать_VERB,плавать_VERB,Однокоренные (чередование),1
498,пловец_NOUN,плавать_VERB,Однокоренные (чередование),1
499,заплыв_NOUN,пловчиха_NOUN,Однокоренные (чередование),1
500,плыть_VERB,плавать_VERB,Однокоренные (чередование),1
501,заплыв_NOUN,плавать_VERB,Однокоренные (чередование),1
502,коса_NOUN,скашивать_VERB,Однокоренные (чередование),1
503,касание_NOUN,касаться_VERB,Однокоренные (чередование),1
504,прикосновение_NOUN,касательная_NOUN,Однокоренные (чередование),1
505,касаться_VERB,соприкасаться_VERB,Однокоренные (чередование),1
506,касаться_VERB,касаться_VERB,Однокоренные (чередование),1
507,соприкосновение_NOUN,касаться_VERB,Однокоренные (чередование),1
508,растение_NOUN,росток_NOUN,Однокоренные (чередование),1
509,расти_VERB,выращивать_VERB,Однокоренные (чередование),1
510,заросль_NOUN,выращивать_VERB,Однокоренные (чередование),1
511,вырастать_VERB,подрастать_VERB,Однокоренные (чередование),1
512,собирать_VERB,собирать_VERB,Однокоренные (чередование),1
513,выбирать_VERB,выбирать_VERB,Однокоренные (чередование),1
514,убирать_VERB,убирать_VERB,Однокоренные (чередование),1
515,забирать_VERB,собирательный_ADJ,Однокоренные (чередование),1
516,отбирать_VERB,отбирать_VERB,Однокоренные (чередование),1
517,перебирать_VERB,перебирать_VERB,Однокоренные (чередование),1
518,раздирать_VERB,раздирать_VERB,Однокоренные (чередование),1
519,сдирать_VERB,сдирать_VERB,Однокоренные (чередование),1
520,раздирать_VERB,выдергивать_VERB,Однокоренные (чередование),1
521,выдирать_VERB,удирать_VERB,Однокоренные (чередование),1
522,вздирать_VERB,вздергивать_VERB,Однокоренные (чередование),1
523,блистать_VERB,блестеть_VERB,Однокоренные (чередование),1
524,блестка_NOUN,блистание_NOUN,Однокоренные (чередование),1
525,блестящий_ADJ,блистательный_ADJ,Однокоренные (чередование),1
526,заблестеть_VERB,поблистать_VERB,Однокоренные (чередование),1
527,заблестеть_VERB,блистательный_ADJ,Однокоренные (чередование),1
528,выжигать_VERB,возжигать_VERB,Однокоренные (чередование),1
529,разжигать_VERB,возжигание_NOUN,Однокоренные (чередование),1
530,прожигать_VERB,розжиг_NOUN,Однокоренные (чередование),1
531,зажигать_VERB,сжигать_VERB,Однокоренные (чередование),1
532,обжигаться_VERB,зажигалка_NOUN,Однокоренные (чередование),1
533,сжигать_VERB,сжигать_VERB,Однокоренные (чередование),1
534,заря_NOUN,заря_NOUN,Однокоренные (чередование),1
535,озаряться_VERB,зоревать_VERB,Однокоренные (чередование),1
536,зарево_NOUN,зоревый_ADJ,Однокоренные (чередование),1
537,озарять_VERB,зоренька_NOUN,Однокоренные (чередование),1
538,зарница_NOUN,зорька_NOUN,Однокоренные (чередование),1
539,заря_NOUN,зоревый_ADJ,Однокоренные (чередование),1
540,озаряться_VERB,зорька_NOUN,Однокоренные (чередование),1
541,подсчитывать_VERB,зачет_NOUN,Однокоренные (чередование),1
542,вычитать_VERB,вычет_NOUN,Однокоренные (чередование),1
543,посчитать_VERB,зачитывать_VERB,Однокоренные (чередование),1
544,вычитать_VERB,вычитать_VERB,Однокоренные (чередование),1
545,подсчитывать_VERB,подсчет_NOUN,Однокоренные (чередование),1
546,посчитать_VERB,вычет_NOUN,Однокоренные (чередование),1
547,вычитать_VERB,зачет_NOUN,Однокоренные (чередование),1
548,вычитать_VERB,зачитывать_VERB,Однокоренные (чередование),1
549,подсчитывать_VERB,вычитать_VERB,Однокоренные (чередование),1
550,посчитать_VERB,подсчет_NOUN,Однокоренные (чередование),1
551,распахиваться_VERB,распашной_ADJ,Однокоренные (чередование),1
552,распахивать_VERB,распашонка_NOUN,Однокоренные (чередование),1
553,бегать_VERB,бежать_VERB,Однокоренные (чередование),1
554,разбегаться_VERB,разбегаться_VERB,Однокоренные (чередование),1
555,бежать_VERB,пробежка_NOUN,Однокоренные (чередование),1
556,перебегать_VERB,перебежать_VERB,Однокоренные (чередование),1
557,разбегаться_VERB,пробежка_NOUN,Однокоренные (чередование),1
558,перебегать_VERB,бежать_VERB,Однокоренные (чередование),1
559,бежать_VERB,разбегаться_VERB,Однокоренные (чередование),1
560,вода_NOUN,жидкость_NOUN,Синонимы,0
561,коса_NOUN,хвост_NOUN,Синонимы,0
562,зябь_NOUN,поле_NOUN,Синонимы,0
563,нож_NOUN,кинжал_NOUN,Синонимы,0
564,буря_NOUN,метель_NOUN,Синонимы,0
565,горе_NOUN,беда_NOUN,Синонимы,0
566,горе_NOUN,трагедия_NOUN,Синонимы,0
567,гореть_VERB,пылать_VERB,Синонимы,0
568,ложь_NOUN,неправда_NOUN,Синонимы,0
569,лжец_NOUN,обманщик_NOUN,Синонимы,0
570,вранье_NOUN,обман_NOUN,Синонимы,0
571,врать_VERB,лгать_VERB,Синонимы,0
572,обманывать_VERB,наврать_VERB,Синонимы,0
573,стильный_ADJ,модный_ADJ,Синонимы,0
574,пригорок_NOUN,холм_NOUN,Синонимы,0
575,пиршество_NOUN,торжество_NOUN,Синонимы,0
576,пир_NOUN,застолье_NOUN,Синонимы,0
577,моряк_NOUN,матрос_NOUN,Синонимы,0
578,летчик_NOUN,пилот_NOUN,Синонимы,0
579,любой_ADJ,всякий_ADJ,Синонимы,0
580,гора_NOUN,скала_NOUN,Синонимы,0
581,зябко_ADV,холодно_ADV,Синонимы,0
582,зябко_ADV,промозгнуть_VERB,Синонимы,0
583,дорогой_ADJ,ценный_ADJ,Синонимы,0
584,запах_NOUN,аромат_NOUN,Синонимы,0
585,поклон_NOUN,реверанс_NOUN,Синонимы,0
586,заря_NOUN,рассвет_NOUN,Синонимы,0
587,росток_NOUN,побег_NOUN,Синонимы,0
588,отросток_NOUN,стебель_NOUN,Синонимы,0
589,популярность_NOUN,известность_NOUN,Синонимы,0
590,активный_ADJ,деятельный_ADJ,Синонимы,0
591,потенциальный_ADJ,возможный_ADJ,Синонимы,0
592,секретный_ADJ,тайный_ADJ,Синонимы,0
593,социальный_ADJ,общественный_ADJ,Синонимы,0
594,толерантность_NOUN,терпимость_NOUN,Синонимы,0
595,эксклюзивный_ADJ,исключительный_ADJ,Синонимы,0
596,абсолютный_ADJ,совершенный_ADJ,Синонимы,0
597,анализ_NOUN,разбор_NOUN,Синонимы,0
598,вариант_NOUN,разновидность_NOUN,Синонимы,0
599,гипотетический_ADJ,предположительный_ADJ,Синонимы,0
600,демонстрация_NOUN,показ_NOUN,Синонимы,0
601,диалог_NOUN,беседа_NOUN,Синонимы,0
602,дискомфорт_NOUN,неудобство_NOUN,Синонимы,0
603,интернациональный_ADJ,международный_ADJ,Синонимы,0
604,комфортабельный_ADJ,удобный_ADJ,Синонимы,0
605,максимальный_ADJ,большой_ADJ,Синонимы,0
606,натуральный_ADJ,естественный_ADJ,Синонимы,0
607,негативный_ADJ,отрицательный_ADJ,Синонимы,0
608,стабильность_NOUN,устойчивость_NOUN,Синонимы,0
609,фактический_ADJ,действительный_ADJ,Синонимы,0
610,тихий_ADJ,бесшумный_ADJ,Синонимы,0
611,аргумент_NOUN,довод_NOUN,Синонимы,0
612,гуманность_NOUN,человечность_NOUN,Синонимы,0
613,деструктивный_ADJ,разрушительный_ADJ,Синонимы,0
614,детальный_ADJ,подробный_ADJ,Синонимы,0
615,дискуссия_NOUN,спор_NOUN,Синонимы,0
616,криминальный_ADJ,преступный_ADJ,Синонимы,0
617,мобильность_NOUN,подвижность_NOUN,Синонимы,0
618,моментальный_ADJ,мгновенный_ADJ,Синонимы,0
619,монумент_NOUN,памятник_NOUN,Синонимы,0
620,приватный_ADJ,частный_ADJ,Синонимы,0
621,прогноз_NOUN,предсказание_NOUN,Синонимы,0
622,прогресс_NOUN,продвижение_NOUN,Синонимы,0
623,реставрация_NOUN,восстановление_NOUN,Синонимы,0
624,стагнация_NOUN,застой_NOUN,Синонимы,0
625,сфера_NOUN,область_NOUN,Синонимы,0
626,фундаментальный_ADJ,основополагающий_ADJ,Синонимы,0
627,хобби_NOUN,увлечение_NOUN,Синонимы,0
628,эксперимент_NOUN,опыт_NOUN,Синонимы,0
629,популярный_ADJ,распространять_VERB,Синонимы,0
630,муж_NOUN,супруг_NOUN,Синонимы,0
631,жена_NOUN,супруга_NOUN,Синонимы,0
632,желание_NOUN,стремление_NOUN,Синонимы,0
633,истина_NOUN,правда_NOUN,Синонимы,0
634,факт_NOUN,действительность_NOUN,Синонимы,0
635,мороз_NOUN,стужа_NOUN,Синонимы,0
636,мороз_NOUN,холод_NOUN,Синонимы,0
637,стоимость_NOUN,цена_NOUN,Синонимы,0
638,врач_NOUN,медик_NOUN,Синонимы,0
639,доктор_NOUN,лекарь_NOUN,Синонимы,0
640,тьма_NOUN,мрак_NOUN,Синонимы,0
641,оригинальность_NOUN,неординарность_NOUN,Синонимы,0
642,статья_NOUN,публикация_NOUN,Синонимы,0
643,доклад_NOUN,речь_NOUN,Синонимы,0
644,смех_NOUN,хохот_NOUN,Синонимы,0
645,анекдот_NOUN,шутка_NOUN,Синонимы,0
646,разговорный_ADJ,словесный_ADJ,Синонимы,0
647,болезнь_NOUN,недуг_NOUN,Синонимы,0
648,преподаватель_NOUN,насставник_NOUN,Синонимы,0
649,учитель_NOUN,ментор_NOUN,Синонимы,0
650,участок_NOUN,территория_NOUN,Синонимы,0
651,договор_NOUN,контракт_NOUN,Синонимы,0
652,соглашение_NOUN,сделка_NOUN,Синонимы,0
653,соревнование_NOUN,конкурс_NOUN,Синонимы,0
654,турнир_NOUN,состязание_NOUN,Синонимы,0
655,мать_NOUN,мама_NOUN,Синонимы,0
656,отец_NOUN,папа_NOUN,Синонимы,0
657,помощь_NOUN,поддержка_NOUN,Синонимы,0
658,коллега_NOUN,партнер_NOUN,Синонимы,0
659,замена_NOUN,ротация_NOUN,Синонимы,0
660,просьба_NOUN,заявка_NOUN,Синонимы,0
661,закат_NOUN,заход_NOUN,Синонимы,0
662,ужас_NOUN,кошмар_NOUN,Синонимы,0
663,метод_NOUN,способ_NOUN,Синонимы,0
664,труп_NOUN,мертвец_NOUN,Синонимы,0
665,теплица_NOUN,парник_NOUN,Синонимы,0
666,оранжерея_NOUN,парник_NOUN,Синонимы,0
667,анкета_NOUN,бланк_NOUN,Синонимы,0
668,путешествие_NOUN,экспедиция_NOUN,Синонимы,0
669,план_NOUN,схема_NOUN,Синонимы,0
670,провод_NOUN,кабель_NOUN,Синонимы,0
671,экран_NOUN,дисплей_NOUN,Синонимы,0
672,разговор_NOUN,общение_NOUN,Синонимы,0
673,термин_NOUN,понятие_NOUN,Синонимы,0
674,мусор_NOUN,отходы_NOUN,Синонимы,0
675,положительный_ADJ,хороший_ADJ,Синонимы,0
676,контроль_NOUN,управление_NOUN,Синонимы,0
677,пара_NOUN,дуэт_NOUN,Синонимы,0
678,модель_NOUN,макет_NOUN,Синонимы,0
679,макет_NOUN,образец_NOUN,Синонимы,0
680,звезда_NOUN,знаменитость_NOUN,Синонимы,0
681,сумка_NOUN,портфель_NOUN,Синонимы,0
682,громкий_ADJ,шумный_ADJ,Синонимы,0
683,золотой_ADJ,дорогой_ADJ,Синонимы,0
684,умный_ADJ,интеллектуальный_ADJ,Синонимы,0
685,гуттаперчевый_ADJ,гибкий_ADJ,Синонимы,0
686,любимый_ADJ,обожать_VERB,Синонимы,0
687,зрелый_ADJ,взрослый_NOUN,Синонимы,0
688,веселие_NOUN,радость_NOUN,Синонимы,0
689,луна_NOUN,месяц_NOUN,Синонимы,0
690,актер_NOUN,артист_NOUN,Синонимы,0
691,добрый_ADJ,добросердечный_ADJ,Синонимы,0
692,банально_ADV,заурядно_ADV,Синонимы,0
693,тривиальный_ADJ,неоригинально_ADV,Синонимы,0
694,раздражать_VERB,сердить_VERB,Синонимы,0
695,восторг_NOUN,ликование_NOUN,Синонимы,0
696,циничный_ADJ,безнравственный_ADJ,Синонимы,0
697,состоятельность_NOUN,зажиточность_NOUN,Синонимы,0
698,оригинальный_ADJ,самобытный_ADJ,Синонимы,0
699,лапидарный_ADJ,лаконичный_ADJ,Синонимы,0
